-- -------------------------------------------------------------
-- TablePlus 6.4.2(600)
--
-- https://tableplus.com/
--
-- Database: course_training
-- Generation Time: 2026-03-12 19:34:24.5200
-- -------------------------------------------------------------


/*!40101 SET @OLD_CHARACTER_SET_CLIENT=@@CHARACTER_SET_CLIENT */;
/*!40101 SET @OLD_CHARACTER_SET_RESULTS=@@CHARACTER_SET_RESULTS */;
/*!40101 SET @OLD_COLLATION_CONNECTION=@@COLLATION_CONNECTION */;
/*!40101 SET NAMES utf8mb4 */;
/*!40014 SET @OLD_UNIQUE_CHECKS=@@UNIQUE_CHECKS, UNIQUE_CHECKS=0 */;
/*!40014 SET @OLD_FOREIGN_KEY_CHECKS=@@FOREIGN_KEY_CHECKS, FOREIGN_KEY_CHECKS=0 */;
/*!40101 SET @OLD_SQL_MODE=@@SQL_MODE, SQL_MODE='NO_AUTO_VALUE_ON_ZERO' */;
/*!40111 SET @OLD_SQL_NOTES=@@SQL_NOTES, SQL_NOTES=0 */;


DROP TABLE IF EXISTS `college`;
CREATE TABLE `college` (
  `id` bigint NOT NULL COMMENT '学院代理主键（Snowflake）',
  `college_code` char(2) CHARACTER SET utf8mb4 COLLATE utf8mb4_0900_ai_ci NOT NULL COMMENT '学院编号（业务码，可变更）',
  `college_name` varchar(40) CHARACTER SET utf8mb4 COLLATE utf8mb4_0900_ai_ci NOT NULL COMMENT '学院名称',
  `create_time` datetime DEFAULT NULL COMMENT '创建时间',
  `update_time` datetime DEFAULT NULL COMMENT '更新时间',
  `del_flag` tinyint(1) DEFAULT '0' COMMENT '删除标识 0-正常 1-删除',
  PRIMARY KEY (`id`) USING BTREE,
  UNIQUE KEY `college_code` (`college_code`) USING BTREE,
  UNIQUE KEY `uk_college_name` (`college_name`) USING BTREE
) ENGINE=InnoDB DEFAULT CHARSET=utf8mb4 COLLATE=utf8mb4_0900_ai_ci ROW_FORMAT=DYNAMIC COMMENT='学院表';

DROP TABLE IF EXISTS `course`;
CREATE TABLE `course` (
  `id` bigint NOT NULL DEFAULT '0' COMMENT '课程代理主键（Snowflake）',
  `course_code` varchar(20) CHARACTER SET utf8mb4 COLLATE utf8mb4_0900_ai_ci DEFAULT NULL COMMENT '课程业务编码（如：COURSE_001）',
  `course_name` varchar(30) CHARACTER SET utf8mb4 COLLATE utf8mb4_0900_ai_ci NOT NULL COMMENT '课程名',
  `college_id` bigint DEFAULT NULL COMMENT '开课学院',
  `course_nature` tinyint(1) NOT NULL COMMENT '课程性质（0:必修 1:选修）',
  `dict_id` bigint NOT NULL COMMENT '课程类别关联id',
  `create_time` datetime DEFAULT NULL COMMENT '创建时间',
  `update_time` datetime DEFAULT NULL COMMENT '更新时间',
  `del_flag` tinyint(1) DEFAULT '0' COMMENT '删除标识（0:未删除 1:删除）',
  PRIMARY KEY (`id`) USING BTREE,
  UNIQUE KEY `idx_course_name_unique` (`course_name`) USING BTREE,
  KEY `fk_ course_dict_id` (`dict_id`) USING BTREE,
  CONSTRAINT `fk_ course_dict_id` FOREIGN KEY (`dict_id`) REFERENCES `sys_dict` (`id`) ON DELETE RESTRICT ON UPDATE CASCADE
) ENGINE=InnoDB DEFAULT CHARSET=utf8mb4 COLLATE=utf8mb4_0900_ai_ci ROW_FORMAT=DYNAMIC COMMENT='课程表';

DROP TABLE IF EXISTS `course_exclusivity`;
CREATE TABLE `course_exclusivity` (
  `id` bigint NOT NULL COMMENT '分组代理主键（Snowflake）',
  `group_code` varchar(255) CHARACTER SET utf8mb4 COLLATE utf8mb4_0900_ai_ci NOT NULL COMMENT '分组编码',
  `training_program_id` bigint NOT NULL COMMENT '培养计划id',
  `required_credits` int unsigned DEFAULT NULL COMMENT '需选修够的学分',
  `version` int DEFAULT '1' COMMENT '版本号',
  `create_time` datetime DEFAULT NULL COMMENT '创建时间',
  `update_time` datetime DEFAULT NULL COMMENT '更新时间',
  `del_flag` tinyint(1) DEFAULT '0' COMMENT '删除标识（0:未删除 1:删除）',
  PRIMARY KEY (`id`) USING BTREE,
  KEY `idx_tp_id` (`training_program_id`) USING BTREE,
  CONSTRAINT `course_exclusivity_ibfk_1` FOREIGN KEY (`training_program_id`) REFERENCES `training_program` (`id`)
) ENGINE=InnoDB DEFAULT CHARSET=utf8mb4 COLLATE=utf8mb4_0900_ai_ci ROW_FORMAT=DYNAMIC COMMENT='课程互斥/分组表';

DROP TABLE IF EXISTS `course_exclusivity_detail`;
CREATE TABLE `course_exclusivity_detail` (
  `id` bigint NOT NULL AUTO_INCREMENT COMMENT '主键Id',
  `course_id` bigint NOT NULL COMMENT '课程Id',
  `exclusivity_id` bigint NOT NULL COMMENT '分组Id',
  `create_time` datetime DEFAULT NULL COMMENT '创建时间',
  `update_time` datetime DEFAULT NULL COMMENT '更新时间',
  `del_flag` tinyint(1) DEFAULT '0' COMMENT '删除标识（0:未删除 1:删除）',
  PRIMARY KEY (`id`),
  KEY `idx_course_id` (`course_id`),
  KEY `idx_exclusivity_id` (`exclusivity_id`),
  CONSTRAINT `fk_detail_course` FOREIGN KEY (`course_id`) REFERENCES `course` (`id`),
  CONSTRAINT `fk_detail_exclusivity` FOREIGN KEY (`exclusivity_id`) REFERENCES `course_exclusivity` (`id`)
) ENGINE=InnoDB AUTO_INCREMENT=2031716920929886210 DEFAULT CHARSET=utf8mb4 COLLATE=utf8mb4_0900_ai_ci;

DROP TABLE IF EXISTS `major`;
CREATE TABLE `major` (
  `id` bigint NOT NULL COMMENT '专业代理主键',
  `major_code` char(4) CHARACTER SET utf8mb4 COLLATE utf8mb4_0900_ai_ci DEFAULT NULL COMMENT '专业代码（如 0809）',
  `major_name` varchar(40) CHARACTER SET utf8mb4 COLLATE utf8mb4_0900_ai_ci NOT NULL COMMENT '专业名称',
  `college_id` bigint DEFAULT NULL COMMENT '所属学院ID',
  `course_num` int DEFAULT '0' COMMENT '课程总数',
  `category` tinyint(1) NOT NULL COMMENT '专业分类（0:工学 1:理学 2:文科）',
  `create_time` datetime DEFAULT CURRENT_TIMESTAMP,
  `update_time` datetime DEFAULT CURRENT_TIMESTAMP ON UPDATE CURRENT_TIMESTAMP,
  `del_flag` tinyint(1) DEFAULT '0' COMMENT '删除标识',
  PRIMARY KEY (`id`) USING BTREE,
  UNIQUE KEY `uk_major_code_name` (`major_code`,`major_name`) USING BTREE,
  KEY `idx_college_id` (`college_id`) USING BTREE,
  KEY `idx_category_id` (`category`) USING BTREE,
  KEY `idx_del_flag` (`del_flag`) USING BTREE,
  CONSTRAINT `fk_major_college` FOREIGN KEY (`college_id`) REFERENCES `college` (`id`) ON DELETE SET NULL ON UPDATE CASCADE
) ENGINE=InnoDB DEFAULT CHARSET=utf8mb4 COLLATE=utf8mb4_0900_ai_ci ROW_FORMAT=DYNAMIC COMMENT='专业表';

DROP TABLE IF EXISTS `sys_dict`;
CREATE TABLE `sys_dict` (
  `id` bigint NOT NULL AUTO_INCREMENT COMMENT '主键ID',
  `dict_type` varchar(50) CHARACTER SET utf8mb4 COLLATE utf8mb4_0900_ai_ci NOT NULL COMMENT '字典类型（如：course_type, user_state）',
  `dict_code` varchar(50) CHARACTER SET utf8mb4 COLLATE utf8mb4_0900_ai_ci DEFAULT NULL COMMENT '字典编码（程序内部引用，英文大写+下划线）',
  `dict_name` varchar(100) CHARACTER SET utf8mb4 COLLATE utf8mb4_0900_ai_ci NOT NULL COMMENT '字典名称（用户界面显示）',
  `sort_order` int DEFAULT '0' COMMENT '排序号（控制下拉选项顺序）',
  `remark` varchar(500) CHARACTER SET utf8mb4 COLLATE utf8mb4_0900_ai_ci DEFAULT NULL COMMENT '备注',
  `create_time` datetime DEFAULT CURRENT_TIMESTAMP COMMENT '创建时间',
  `update_time` datetime DEFAULT CURRENT_TIMESTAMP ON UPDATE CURRENT_TIMESTAMP COMMENT '更新时间',
  `del_flag` tinyint(1) DEFAULT '0' COMMENT '删除标识',
  PRIMARY KEY (`id`) USING BTREE,
  UNIQUE KEY `uk_dict_name` (`dict_name`) USING BTREE,
  UNIQUE KEY `uk_dict_type_code` (`dict_type`,`dict_code`) USING BTREE
) ENGINE=InnoDB AUTO_INCREMENT=1988934871961915393 DEFAULT CHARSET=utf8mb4 COLLATE=utf8mb4_0900_ai_ci ROW_FORMAT=DYNAMIC COMMENT='系统字典表（用于管理枚举值）';

DROP TABLE IF EXISTS `training_program`;
CREATE TABLE `training_program` (
  `id` bigint NOT NULL AUTO_INCREMENT COMMENT '主键ID',
  `name` varchar(255) CHARACTER SET utf8mb4 COLLATE utf8mb4_0900_ai_ci NOT NULL COMMENT '培养计划名称',
  `major_id` bigint NOT NULL COMMENT '专业ID',
  `college_id` bigint NOT NULL COMMENT '学院ID',
  `year` int DEFAULT NULL COMMENT '年份',
  `description` text CHARACTER SET utf8mb4 COLLATE utf8mb4_0900_ai_ci COMMENT '描述',
  `create_time` datetime DEFAULT CURRENT_TIMESTAMP COMMENT '创建时间',
  `update_time` datetime DEFAULT CURRENT_TIMESTAMP ON UPDATE CURRENT_TIMESTAMP COMMENT '更新时间',
  `del_flag` tinyint DEFAULT '0' COMMENT '逻辑删除标记（0-未删除，1-已删除）',
  PRIMARY KEY (`id`) USING BTREE,
  KEY `fk_training_program_major_id` (`major_id`) USING BTREE,
  KEY `fk_training_program_college_id` (`college_id`) USING BTREE,
  CONSTRAINT `fk_training_program_college_id` FOREIGN KEY (`college_id`) REFERENCES `college` (`id`) ON DELETE RESTRICT ON UPDATE CASCADE,
  CONSTRAINT `fk_training_program_major_id` FOREIGN KEY (`major_id`) REFERENCES `major` (`id`) ON DELETE RESTRICT ON UPDATE CASCADE
) ENGINE=InnoDB AUTO_INCREMENT=2031205109952413697 DEFAULT CHARSET=utf8mb4 COLLATE=utf8mb4_0900_ai_ci ROW_FORMAT=DYNAMIC COMMENT='培养计划表';

DROP TABLE IF EXISTS `training_program_detail`;
CREATE TABLE `training_program_detail` (
  `id` bigint NOT NULL DEFAULT '0' COMMENT '课程代理主键（Snowflake）',
  `training_program_id` bigint NOT NULL COMMENT '培养计划id',
  `course_id` bigint NOT NULL COMMENT '课程id',
  `course_nature` tinyint NOT NULL COMMENT '课程性质（0:必修 1:选修）',
  `course_name` varchar(30) CHARACTER SET utf8mb4 COLLATE utf8mb4_0900_ai_ci NOT NULL COMMENT '课程名',
  `college_id` bigint DEFAULT NULL COMMENT '开课学院ID（关联 college.id）',
  `major_id` bigint DEFAULT NULL COMMENT '修读专业ID（关联 major.id）',
  `total_credits` float(3,1) NOT NULL COMMENT '总学分',
  `total_hours` float(4,1) DEFAULT NULL COMMENT '总学时（小时）',
  `total_weeks` float(4,1) DEFAULT NULL COMMENT '总学时（周）',
  `hours_unit` tinyint(1) NOT NULL COMMENT '当前使用的学时单位（0:小时 1:周）',
  `hour_teach` int DEFAULT NULL COMMENT '授课学时',
  `hour_practice` int DEFAULT NULL COMMENT '实验学时',
  `hour_operation` int DEFAULT NULL COMMENT '上机学时',
  `hour_outside` int DEFAULT NULL COMMENT '实践学时',
  `hour_week` int DEFAULT NULL COMMENT '周学时',
  `term` tinyint(1) DEFAULT NULL COMMENT '建议修读学期',
  `required_elective` tinyint DEFAULT NULL COMMENT '选修学分要求',
  `course_choose_id` char(2) CHARACTER SET utf8mb4 COLLATE utf8mb4_0900_ai_ci DEFAULT NULL COMMENT '选修计划ID',
  `remark` text CHARACTER SET utf8mb4 COLLATE utf8mb4_0900_ai_ci COMMENT '备注',
  `version` int DEFAULT '1' COMMENT '版本号',
  `create_time` datetime DEFAULT NULL COMMENT '创建时间',
  `update_time` datetime DEFAULT NULL COMMENT '更新时间',
  `del_flag` tinyint(1) DEFAULT '0' COMMENT '删除标识（0:未删除 1:删除）',
  PRIMARY KEY (`id`) USING BTREE,
  KEY `fk_training_program_detail_college` (`college_id`) USING BTREE,
  KEY `fk_training_program_detail_major` (`major_id`) USING BTREE,
  CONSTRAINT `fk_training_program_detail_college` FOREIGN KEY (`college_id`) REFERENCES `college` (`id`) ON DELETE RESTRICT ON UPDATE CASCADE,
  CONSTRAINT `fk_training_program_detail_major` FOREIGN KEY (`major_id`) REFERENCES `major` (`id`) ON DELETE SET NULL ON UPDATE CASCADE
) ENGINE=InnoDB DEFAULT CHARSET=utf8mb4 COLLATE=utf8mb4_0900_ai_ci ROW_FORMAT=DYNAMIC COMMENT='课程表';

DROP TABLE IF EXISTS `user`;
CREATE TABLE `user` (
  `id` bigint NOT NULL COMMENT '主键',
  `username` varchar(128) CHARACTER SET utf8mb4 COLLATE utf8mb4_0900_ai_ci NOT NULL COMMENT '用户名',
  `password` varchar(200) CHARACTER SET utf8mb4 COLLATE utf8mb4_0900_ai_ci DEFAULT NULL COMMENT '密码',
  `college_id` bigint DEFAULT NULL COMMENT '所属学院ID（引用 college.id）',
  `dict_id` bigint DEFAULT NULL COMMENT '用户权限（关联字典表）',
  `create_time` datetime DEFAULT NULL COMMENT '创建时间',
  `update_time` datetime DEFAULT NULL COMMENT '更新时间',
  `del_flag` tinyint(1) DEFAULT '0' COMMENT '删除标识',
  PRIMARY KEY (`id`) USING BTREE,
  UNIQUE KEY `user_username_idx` (`username`) USING BTREE,
  KEY `idx_user_college_id` (`college_id`) USING BTREE,
  KEY `idx_user_dict_id` (`dict_id`) USING BTREE,
  CONSTRAINT `fk_user_college` FOREIGN KEY (`college_id`) REFERENCES `college` (`id`) ON DELETE SET NULL ON UPDATE CASCADE,
  CONSTRAINT `fk_user_sys_dict` FOREIGN KEY (`dict_id`) REFERENCES `sys_dict` (`id`) ON DELETE RESTRICT ON UPDATE CASCADE
) ENGINE=InnoDB DEFAULT CHARSET=utf8mb4 COLLATE=utf8mb4_0900_ai_ci ROW_FORMAT=DYNAMIC COMMENT='用户表';

INSERT INTO `college` (`id`, `college_code`, `college_name`, `create_time`, `update_time`, `del_flag`) VALUES
(1988456399996981248, '01', '计算机学院', '2025-11-12 11:58:44', '2025-11-12 18:50:27', 0),
(1988456455047221248, '05', '马克思学院', '2025-11-12 11:58:57', '2025-11-19 16:24:26', 0),
(2030978512557277184, '03', '数科学院', '2026-03-09 20:06:26', '2026-03-09 20:06:26', 0),
(2030981985222885376, '04', '理学院', '2026-03-09 20:20:14', '2026-03-09 20:20:14', 0);

INSERT INTO `course` (`id`, `course_code`, `course_name`, `college_id`, `course_nature`, `dict_id`, `create_time`, `update_time`, `del_flag`) VALUES
(1992813288416546816, '', 'Java开发', 0, 0, 1988933958606082048, '2025-11-24 12:31:27', '2025-11-24 12:31:27', 0),
(1993553607817789440, '', '高数', 0, 0, 1988933471567695872, '2025-11-26 13:33:13', '2025-11-26 13:33:13', 0),
(1993570974664839168, '', '软件工程导论', 0, 0, 1988933958606082048, '2025-11-26 14:42:14', '2025-11-26 14:42:14', 0),
(2030916429924896768, '', '毛泽东思想和中国特色社会主义理论体系概论', 1988456455047221248, 0, 1988933471567695872, '2026-03-09 15:59:44', '2026-03-09 15:59:44', 0),
(2030916582677254144, '', '马克思主义基本原理', 1988456455047221248, 0, 1988933471567695872, '2026-03-09 16:00:21', '2026-03-09 16:00:21', 0),
(2031662618920198144, '', '工程技术类', NULL, 1, 1988933471567695872, '2026-03-11 17:24:49', '2026-03-11 17:24:49', 0),
(2031662656668934144, '', '自然科学类', NULL, 1, 1988933471567695872, '2026-03-11 17:24:58', '2026-03-11 17:24:58', 0),
(2031704772702978048, '', '人工智能综合设计', 1988456399996981248, 1, 1988934279491309568, '2026-03-11 20:12:20', '2026-03-11 20:12:20', 0),
(2031704806198689792, '', '硬件系统综合设计', 1988456399996981248, 1, 1988934279491309568, '2026-03-11 20:12:28', '2026-03-11 20:12:28', 0),
(2031704829493854208, '', '软件系统综合设计', 1988456399996981248, 1, 1988934279491309568, '2026-03-11 20:12:33', '2026-03-11 20:12:33', 0),
(2031705024268943360, '', '汇编语言与微机原理', 1988456399996981248, 0, 1988934119411503104, '2026-03-11 20:13:20', '2026-03-11 20:13:20', 0),
(2031705059811475456, '', '软件工程', 1988456399996981248, 0, 1988934119411503104, '2026-03-11 20:13:28', '2026-03-11 20:13:28', 0),
(2031711828948398080, '', '数据结构课程设计', 1988456399996981248, 0, 1988934279491309568, '2026-03-11 20:40:22', '2026-03-11 20:40:22', 0),
(2031711853829009408, '', '面向对象编程课程设计', 1988456399996981248, 0, 1988934279491309568, '2026-03-11 20:40:28', '2026-03-11 20:40:28', 0);

INSERT INTO `course_exclusivity` (`id`, `group_code`, `training_program_id`, `required_credits`, `version`, `create_time`, `update_time`, `del_flag`) VALUES
(2031662736935329792, 'EXC_GROUP_1993554514534068224_2_6_7', 1993554514534068224, 1, 1, '2026-03-11 17:25:18', '2026-03-11 17:25:18', 1),
(2031673330186915840, 'EXC_GROUP_1993554514534068224_4_6_7', 1993554514534068224, 1, 4, '2026-03-11 18:07:23', '2026-03-11 18:07:23', 0),
(2031716870057172992, 'EXC_GROUP_2030925858921603072_1_8_10', 2030925858921603072, 3, 1, '2026-03-11 21:00:24', '2026-03-11 21:00:24', 1),
(2031716870115893248, 'EXC_GROUP_2030925858921603072_1_6_7', 2030925858921603072, 1, 1, '2026-03-11 21:00:24', '2026-03-11 21:00:24', 1),
(2031716920883748864, 'EXC_GROUP_2030925858921603072_2_8_10', 2030925858921603072, 3, 2, '2026-03-11 21:00:36', '2026-03-11 21:00:36', 0),
(2031716920908914688, 'EXC_GROUP_2030925858921603072_2_6_7', 2030925858921603072, 1, 2, '2026-03-11 21:00:36', '2026-03-11 21:00:36', 0);

INSERT INTO `course_exclusivity_detail` (`id`, `course_id`, `exclusivity_id`, `create_time`, `update_time`, `del_flag`) VALUES
(2031716870107504640, 2031704772702978048, 2031716870057172992, '2026-03-11 21:00:23', '2026-03-11 21:00:23', 1),
(2031716870107504641, 2031704806198689792, 2031716870057172992, '2026-03-11 21:00:23', '2026-03-11 21:00:23', 1),
(2031716870107504642, 2031704829493854208, 2031716870057172992, '2026-03-11 21:00:23', '2026-03-11 21:00:23', 1),
(2031716870141059072, 2031662656668934144, 2031716870115893248, '2026-03-11 21:00:23', '2026-03-11 21:00:23', 1),
(2031716870141059073, 2031662618920198144, 2031716870115893248, '2026-03-11 21:00:23', '2026-03-11 21:00:23', 1),
(2031716920900526080, 2031704772702978048, 2031716920883748864, '2026-03-11 21:00:36', '2026-03-11 21:00:36', 0),
(2031716920900526081, 2031704806198689792, 2031716920883748864, '2026-03-11 21:00:36', '2026-03-11 21:00:36', 0),
(2031716920900526082, 2031704829493854208, 2031716920883748864, '2026-03-11 21:00:36', '2026-03-11 21:00:36', 0),
(2031716920929886208, 2031662656668934144, 2031716920908914688, '2026-03-11 21:00:36', '2026-03-11 21:00:36', 0),
(2031716920929886209, 2031662618920198144, 2031716920908914688, '2026-03-11 21:00:36', '2026-03-11 21:00:36', 0);

INSERT INTO `major` (`id`, `major_code`, `major_name`, `college_id`, `course_num`, `category`, `create_time`, `update_time`, `del_flag`) VALUES
(1988456399996981248, '0002', '计算机科学与通信工程', 1988456399996981248, 104, 0, '2025-11-12 17:13:04', '2026-03-10 10:02:31', 0),
(1988533145819754496, '0001', '软件工程', 1988456399996981248, 102, 0, '2025-11-12 17:03:42', '2025-11-26 14:44:44', 0),
(2031199490868518912, '', '物联网工程', 1988456399996981248, 0, 0, '2026-03-10 10:44:31', '2026-03-10 10:44:31', 0);

INSERT INTO `sys_dict` (`id`, `dict_type`, `dict_code`, `dict_name`, `sort_order`, `remark`, `create_time`, `update_time`, `del_flag`) VALUES
(1988933471567695872, 'course_type', 'GENERAL_EDUCATION', '通识教育', 10, '课程类型的字典，通识教育', '2025-11-13 19:34:27', '2026-03-11 20:36:00', 0),
(1988933958606082048, 'course_type', 'DISCIPLINARY_FOUNDATION', '学科专业基础', 20, '课程类型的字典，学科专业基础', '2025-11-13 19:36:23', '2026-03-11 20:36:00', 0),
(1988934119411503104, 'course_type', 'SPECIALIZED_COURSES', '专业课程', 30, '课程类型的字典，专业课程', '2025-11-13 19:37:01', '2026-03-11 20:36:00', 0),
(1988934279491309568, 'course_type', 'EXPERIMENTAL_PRACTICAL_SESSIONS', '实验实践环节', 40, '课程类型的字典，实验实践环节', '2025-11-13 19:37:40', '2026-03-11 20:36:00', 0),
(1988934379617734656, 'course_type', 'ROLE_ADVANCED_STUDIES', '进阶研学', 50, '课程类型的字典，进阶研学', '2025-11-13 19:38:03', '2026-03-11 20:35:59', 0),
(1988934680181559296, 'user_state', 'ROLE_ACADEMIC_AFFAIRS_STAFF', '教务处人员', 100, '用户身份类型的字典，教务处人员', '2025-11-13 19:39:15', '2025-11-19 15:11:53', 0),
(1988934779590758400, 'user_state', 'ROLE_DEPARTMENTAL_ACADEMIC_AFFAIRS', '系教务', 50, '用户身份类型的字典，系教务', '2025-11-13 19:39:39', '2025-11-19 15:11:53', 0),
(1988934871961915392, 'user_state', 'ROLE_DEPARTMENT_CHAIR', '系主任', 10, '用户身份类型的字典，系主任', '2025-11-13 19:40:01', '2025-11-19 15:11:53', 0);

INSERT INTO `training_program` (`id`, `name`, `major_id`, `college_id`, `year`, `description`, `create_time`, `update_time`, `del_flag`) VALUES
(1993554514534068224, '软件工程专业课程设置及学时分配表', 1988533145819754496, 1988456399996981248, 2026, '软件工程培养计划', '2025-11-26 13:36:49', '2026-03-10 11:08:50', 0),
(2030925858921603072, '计算机科学与通信工程专业课程设置及学时分配表', 1988456399996981248, 1988456399996981248, 2026, NULL, '2026-03-09 16:37:12', '2026-03-09 16:37:12', 0),
(2031205109952413696, '物联网工程', 2031199490868518912, 1988456399996981248, 2026, '物联网工程培养计划', '2026-03-10 11:06:51', '2026-03-10 11:07:27', 0);

INSERT INTO `training_program_detail` (`id`, `training_program_id`, `course_id`, `course_nature`, `course_name`, `college_id`, `major_id`, `total_credits`, `total_hours`, `total_weeks`, `hours_unit`, `hour_teach`, `hour_practice`, `hour_operation`, `hour_outside`, `hour_week`, `term`, `required_elective`, `course_choose_id`, `remark`, `version`, `create_time`, `update_time`, `del_flag`) VALUES
(2031672012613382144, 1993554514534068224, 1992813288416546816, 0, 'Java开发', 1988456399996981248, 1988533145819754496, 3.5, 48.0, NULL, 0, 40, 16, 32, 6, NULL, NULL, NULL, NULL, NULL, 1, '2026-03-11 18:02:09', '2026-03-11 18:02:09', 1),
(2031672012613382145, 1993554514534068224, 1993570974664839168, 0, '软件工程导论', 1988456399996981248, 1988533145819754496, 3.5, NULL, 2.5, 1, 40, 16, 32, 6, NULL, NULL, NULL, NULL, NULL, 1, '2026-03-11 18:02:09', '2026-03-11 18:02:09', 1),
(2031672012613382146, 1993554514534068224, 2030916429924896768, 0, '毛泽东思想和中国特色社会主义理论体系概论', 1988456455047221248, 1988533145819754496, 4.0, 40.0, NULL, 0, 40, NULL, NULL, 7, NULL, NULL, NULL, NULL, NULL, 1, '2026-03-11 18:02:09', '2026-03-11 18:02:09', 1),
(2031672012613382147, 1993554514534068224, 2031662656668934144, 1, '自然科学类', NULL, 1988533145819754496, 1.0, 24.0, NULL, 0, 24, NULL, NULL, NULL, NULL, NULL, 1, NULL, NULL, 1, '2026-03-11 18:02:09', '2026-03-11 18:02:09', 1),
(2031672012613382148, 1993554514534068224, 2031662618920198144, 1, '工程技术类', NULL, 1988533145819754496, 1.0, 24.0, NULL, 0, 24, NULL, NULL, NULL, NULL, NULL, 1, NULL, NULL, 1, '2026-03-11 18:02:09', '2026-03-11 18:02:09', 1),
(2031672322517983232, 1993554514534068224, 1992813288416546816, 0, 'Java开发', 1988456399996981248, 1988533145819754496, 3.5, 48.0, NULL, 0, 40, 16, 32, 6, NULL, NULL, NULL, NULL, NULL, 2, '2026-03-11 18:03:22', '2026-03-11 18:03:22', 1),
(2031672322517983233, 1993554514534068224, 1993570974664839168, 0, '软件工程导论', 1988456399996981248, 1988533145819754496, 3.5, NULL, 2.5, 1, 40, 16, 32, 6, NULL, NULL, NULL, NULL, NULL, 2, '2026-03-11 18:03:22', '2026-03-11 18:03:22', 1),
(2031672322517983234, 1993554514534068224, 2030916429924896768, 0, '毛泽东思想和中国特色社会主义理论体系概论', 1988456455047221248, 1988533145819754496, 4.0, 40.0, NULL, 0, 40, NULL, NULL, 7, NULL, NULL, NULL, NULL, NULL, 2, '2026-03-11 18:03:22', '2026-03-11 18:03:22', 1),
(2031672322517983235, 1993554514534068224, 2031662656668934144, 1, '自然科学类', NULL, 1988533145819754496, 1.0, 24.0, NULL, 0, 24, NULL, NULL, NULL, NULL, NULL, 1, NULL, NULL, 2, '2026-03-11 18:03:22', '2026-03-11 18:03:22', 1),
(2031672322517983236, 1993554514534068224, 2031662618920198144, 1, '工程技术类', NULL, 1988533145819754496, 1.0, 24.0, NULL, 0, 24, NULL, NULL, NULL, NULL, NULL, 1, NULL, NULL, 2, '2026-03-11 18:03:22', '2026-03-11 18:03:22', 1),
(2031673013034639360, 1993554514534068224, 1992813288416546816, 0, 'Java开发', 1988456399996981248, 1988533145819754496, 3.5, 48.0, NULL, 0, 40, 16, 32, 6, NULL, NULL, NULL, NULL, NULL, 3, '2026-03-11 18:06:07', '2026-03-11 18:06:07', 1),
(2031673013034639361, 1993554514534068224, 1993570974664839168, 0, '软件工程导论', 1988456399996981248, 1988533145819754496, 3.5, NULL, 2.5, 1, 40, 16, 32, 6, NULL, NULL, NULL, NULL, NULL, 3, '2026-03-11 18:06:07', '2026-03-11 18:06:07', 1),
(2031673013034639362, 1993554514534068224, 2030916429924896768, 0, '毛泽东思想和中国特色社会主义理论体系概论', 1988456455047221248, 1988533145819754496, 4.0, 40.0, NULL, 0, 40, NULL, NULL, 7, NULL, NULL, NULL, NULL, NULL, 3, '2026-03-11 18:06:07', '2026-03-11 18:06:07', 1),
(2031673013034639363, 1993554514534068224, 2031662656668934144, 1, '自然科学类', NULL, 1988533145819754496, 1.0, 24.0, NULL, 0, 24, NULL, NULL, NULL, NULL, NULL, 1, NULL, NULL, 3, '2026-03-11 18:06:07', '2026-03-11 18:06:07', 1),
(2031673013034639364, 1993554514534068224, 2031662618920198144, 1, '工程技术类', NULL, 1988533145819754496, 1.0, 24.0, NULL, 0, 24, NULL, NULL, NULL, NULL, NULL, 1, NULL, NULL, 3, '2026-03-11 18:06:07', '2026-03-11 18:06:07', 1),
(2031673340068696064, 1993554514534068224, 1992813288416546816, 0, 'Java开发', 1988456399996981248, 1988533145819754496, 3.5, 48.0, NULL, 0, 40, 16, 32, 6, NULL, NULL, NULL, NULL, NULL, 4, '2026-03-11 18:07:25', '2026-03-11 18:07:25', 0),
(2031673340068696065, 1993554514534068224, 1993570974664839168, 0, '软件工程导论', 1988456399996981248, 1988533145819754496, 3.5, NULL, 2.5, 1, 40, 16, 32, 6, NULL, NULL, NULL, NULL, NULL, 4, '2026-03-11 18:07:25', '2026-03-11 18:07:25', 0),
(2031673340068696066, 1993554514534068224, 2030916429924896768, 0, '毛泽东思想和中国特色社会主义理论体系概论', 1988456455047221248, 1988533145819754496, 4.0, 40.0, NULL, 0, 40, NULL, NULL, 7, NULL, NULL, NULL, NULL, NULL, 4, '2026-03-11 18:07:25', '2026-03-11 18:07:25', 0),
(2031673340068696067, 1993554514534068224, 2031662656668934144, 1, '自然科学类', NULL, 1988533145819754496, 1.0, 24.0, NULL, 0, 24, NULL, NULL, NULL, NULL, NULL, 1, NULL, NULL, 4, '2026-03-11 18:07:25', '2026-03-11 18:07:25', 0),
(2031673340068696068, 1993554514534068224, 2031662618920198144, 1, '工程技术类', NULL, 1988533145819754496, 1.0, 24.0, NULL, 0, 24, NULL, NULL, NULL, NULL, NULL, 1, NULL, NULL, 4, '2026-03-11 18:07:25', '2026-03-11 18:07:25', 0),
(2031716870183002112, 2030925858921603072, 1992813288416546816, 0, 'Java开发', 1988456399996981248, 1988456399996981248, 3.5, 48.0, NULL, 0, 40, 16, 32, 6, NULL, NULL, NULL, NULL, NULL, 1, '2026-03-11 21:00:23', '2026-03-11 21:00:23', 1),
(2031716870183002113, 2030925858921603072, 1993570974664839168, 0, '软件工程导论', 1988456399996981248, 1988456399996981248, 3.5, NULL, 2.5, 1, 40, 16, 32, 6, NULL, NULL, NULL, NULL, NULL, 1, '2026-03-11 21:00:23', '2026-03-11 21:00:23', 1),
(2031716870183002114, 2030925858921603072, 2030916429924896768, 0, '毛泽东思想和中国特色社会主义理论体系概论', 1988456455047221248, 1988456399996981248, 4.0, 40.0, NULL, 0, 40, NULL, NULL, 7, NULL, NULL, NULL, NULL, NULL, 1, '2026-03-11 21:00:23', '2026-03-11 21:00:23', 1),
(2031716870183002115, 2030925858921603072, 2031662656668934144, 1, '自然科学类', NULL, 1988456399996981248, 1.0, 24.0, NULL, 0, 24, NULL, NULL, NULL, NULL, NULL, 1, NULL, NULL, 1, '2026-03-11 21:00:23', '2026-03-11 21:00:23', 1),
(2031716870183002116, 2030925858921603072, 2031662618920198144, 1, '工程技术类', NULL, 1988456399996981248, 1.0, 24.0, NULL, 0, 24, NULL, NULL, NULL, NULL, NULL, 1, NULL, NULL, 1, '2026-03-11 21:00:23', '2026-03-11 21:00:23', 1),
(2031716870183002117, 2030925858921603072, 2031704772702978048, 1, '人工智能综合设计', 1988456399996981248, 1988456399996981248, 3.0, NULL, 3.0, 1, NULL, NULL, NULL, NULL, NULL, 7, 3, NULL, NULL, 1, '2026-03-11 21:00:23', '2026-03-11 21:00:23', 1),
(2031716870183002118, 2030925858921603072, 2031704806198689792, 1, '硬件系统综合设计', 1988456399996981248, 1988456399996981248, 4.0, NULL, 3.0, 1, NULL, NULL, NULL, NULL, NULL, 7, 3, NULL, NULL, 1, '2026-03-11 21:00:23', '2026-03-11 21:00:23', 1),
(2031716870183002119, 2030925858921603072, 2031704829493854208, 1, '软件系统综合设计', 1988456399996981248, 1988456399996981248, 5.0, NULL, 3.0, 1, NULL, NULL, NULL, NULL, NULL, 7, 3, NULL, NULL, 1, '2026-03-11 21:00:23', '2026-03-11 21:00:23', 1),
(2031716870183002120, 2030925858921603072, 2031705024268943360, 0, '汇编语言与微机原理', 1988456399996981248, 1988456399996981248, 3.0, 56.0, NULL, 0, 40, 16, NULL, NULL, 4, 5, NULL, NULL, NULL, 1, '2026-03-11 21:00:23', '2026-03-11 21:00:23', 1),
(2031716870183002121, 2030925858921603072, 2031705059811475456, 0, '软件工程', 1988456399996981248, 1988456399996981248, 2.0, 32.0, NULL, 0, 32, NULL, NULL, NULL, 2, 5, NULL, NULL, NULL, 1, '2026-03-11 21:00:23', '2026-03-11 21:00:23', 1),
(2031716870183002122, 2030925858921603072, 2031711828948398080, 0, '数据结构课程设计', 1988456399996981248, 1988456399996981248, 1.5, NULL, 1.5, 1, NULL, NULL, NULL, NULL, NULL, 3, NULL, NULL, NULL, 1, '2026-03-11 21:00:23', '2026-03-11 21:00:23', 1),
(2031716870183002123, 2030925858921603072, 2031711853829009408, 0, '面向对象编程课程设计', 1988456399996981248, 1988456399996981248, 1.5, 1.5, NULL, 0, NULL, NULL, NULL, NULL, NULL, 2, NULL, NULL, NULL, 1, '2026-03-11 21:00:23', '2026-03-11 21:00:23', 1),
(2031716920967634944, 2030925858921603072, 1992813288416546816, 0, 'Java开发', 1988456399996981248, 1988456399996981248, 3.5, 48.0, NULL, 0, 40, 16, 32, 6, NULL, NULL, NULL, NULL, NULL, 2, '2026-03-11 21:00:36', '2026-03-11 21:00:36', 0),
(2031716920967634945, 2030925858921603072, 1993570974664839168, 0, '软件工程导论', 1988456399996981248, 1988456399996981248, 3.5, NULL, 2.5, 1, 40, 16, 32, 6, NULL, NULL, NULL, NULL, NULL, 2, '2026-03-11 21:00:36', '2026-03-11 21:00:36', 0),
(2031716920967634946, 2030925858921603072, 2030916429924896768, 0, '毛泽东思想和中国特色社会主义理论体系概论', 1988456455047221248, 1988456399996981248, 4.0, 40.0, NULL, 0, 40, NULL, NULL, 7, NULL, NULL, NULL, NULL, NULL, 2, '2026-03-11 21:00:36', '2026-03-11 21:00:36', 0),
(2031716920967634947, 2030925858921603072, 2031662656668934144, 1, '自然科学类', NULL, 1988456399996981248, 1.0, 24.0, NULL, 0, 24, NULL, NULL, NULL, NULL, NULL, 1, NULL, NULL, 2, '2026-03-11 21:00:36', '2026-03-11 21:00:36', 0),
(2031716920967634948, 2030925858921603072, 2031662618920198144, 1, '工程技术类', NULL, 1988456399996981248, 1.0, 24.0, NULL, 0, 24, NULL, NULL, NULL, NULL, NULL, 1, NULL, NULL, 2, '2026-03-11 21:00:36', '2026-03-11 21:00:36', 0),
(2031716920967634949, 2030925858921603072, 2031704772702978048, 1, '人工智能综合设计', 1988456399996981248, 1988456399996981248, 3.0, NULL, 3.0, 1, NULL, NULL, NULL, NULL, NULL, 7, 3, NULL, NULL, 2, '2026-03-11 21:00:36', '2026-03-11 21:00:36', 0),
(2031716920967634950, 2030925858921603072, 2031704806198689792, 1, '硬件系统综合设计', 1988456399996981248, 1988456399996981248, 4.0, NULL, 3.0, 1, NULL, NULL, NULL, NULL, NULL, 7, 3, NULL, NULL, 2, '2026-03-11 21:00:36', '2026-03-11 21:00:36', 0),
(2031716920967634951, 2030925858921603072, 2031704829493854208, 1, '软件系统综合设计', 1988456399996981248, 1988456399996981248, 5.0, NULL, 3.0, 1, NULL, NULL, NULL, NULL, NULL, 7, 3, NULL, NULL, 2, '2026-03-11 21:00:36', '2026-03-11 21:00:36', 0),
(2031716920967634952, 2030925858921603072, 2031705024268943360, 0, '汇编语言与微机原理', 1988456399996981248, 1988456399996981248, 3.0, 56.0, NULL, 0, 40, 16, NULL, NULL, 4, 5, NULL, NULL, NULL, 2, '2026-03-11 21:00:36', '2026-03-11 21:00:36', 0),
(2031716920967634953, 2030925858921603072, 2031705059811475456, 0, '软件工程', 1988456399996981248, 1988456399996981248, 2.0, 32.0, NULL, 0, 32, NULL, NULL, NULL, 2, 5, NULL, NULL, NULL, 2, '2026-03-11 21:00:36', '2026-03-11 21:00:36', 0),
(2031716920967634954, 2030925858921603072, 2031711828948398080, 0, '数据结构课程设计', 1988456399996981248, 1988456399996981248, 1.5, NULL, 1.5, 1, NULL, NULL, NULL, NULL, NULL, 3, NULL, NULL, NULL, 2, '2026-03-11 21:00:36', '2026-03-11 21:00:36', 0),
(2031716920967634955, 2030925858921603072, 2031711853829009408, 0, '面向对象编程课程设计', 1988456399996981248, 1988456399996981248, 1.5, 1.5, NULL, 0, NULL, NULL, NULL, NULL, NULL, 2, NULL, NULL, NULL, 2, '2026-03-11 21:00:36', '2026-03-11 21:00:36', 0);

INSERT INTO `user` (`id`, `username`, `password`, `college_id`, `dict_id`, `create_time`, `update_time`, `del_flag`) VALUES
(1991081015491952640, 'Somehow', '$2a$10$b27B.jsk7rh7IdPb7WRUyuu6QfRi4j4jKaVlYQDCeBhjJJIFKEC86', 1988456399996981248, 1988934680181559296, '2025-11-19 17:48:01', '2025-11-19 17:48:01', 0);



/*!40101 SET SQL_MODE=@OLD_SQL_MODE */;
/*!40014 SET FOREIGN_KEY_CHECKS=@OLD_FOREIGN_KEY_CHECKS */;
/*!40014 SET UNIQUE_CHECKS=@OLD_UNIQUE_CHECKS */;
/*!40101 SET CHARACTER_SET_CLIENT=@OLD_CHARACTER_SET_CLIENT */;
/*!40101 SET CHARACTER_SET_RESULTS=@OLD_CHARACTER_SET_RESULTS */;
/*!40101 SET COLLATION_CONNECTION=@OLD_COLLATION_CONNECTION */;
/*!40111 SET SQL_NOTES=@OLD_SQL_NOTES */;